flowcell,lane,barcode,sample_name,plate_id,"substring(dna.well_A01,1,1)","substring(dna.well_A01,2,2)","concat(gbs.gbs_id,barcodes.barcode)",well_A01,notes,plexing,project,enzyme,sample_id,tissue_id,external_id,dna_person,line_num,gbs_name,plate_name,well_01A,plant_name,gbs_id,set
C5J31ACXX,2,TGACGCCA,BLANK_DNA141017P01_A01,DNA141017P01,A,01,GBS0659ATGACGCCA,A01,,P384AC,MichiganStateUniversity,PstI-MspI,DNA141017P01_A01,blank,,andrew_wiersma,,EricOlson_P01,EricOlson_DNA_P01,EricOlson_P01,,GBS0659A
C5J31ACXX,2,CTCTCCAG,BLANK_DNA141017P01_A01,DNA141017P01,A,01,GBS0659ACTCTCCAG,A01,,P384AC,MichiganStateUniversity,PstI-MspI,DNA141017P01_A01,blank,,andrew_wiersma,,EricOlson_P01,EricOlson_DNA_P01,EricOlson_P01,,GBS0659A
C5J31ACXX,2,TGTGGA,BLANK_DNA141017P02_B02,DNA141017P02,B,02,GBS0659BTGTGGA,B02,,P384BD,MichiganStateUniversity,PstI-MspI,DNA141017P02_B02,blank,,andrew_wiersma,,EricOlson_P02,EricOlson_DNA_P02,EricOlson_P02,,GBS0659B
C5J31ACXX,2,CGCCG,BLANK_DNA141017P02_B02,DNA141017P02,B,02,GBS0659BCGCCG,B02,,P384BD,MichiganStateUniversity,PstI-MspI,DNA141017P02_B02,blank,,andrew_wiersma,,EricOlson_P02,EricOlson_DNA_P02,EricOlson_P02,,GBS0659B
C5J31ACXX,3,GCGCTCA,BLANK_DNA141017P03_C03,DNA141017P03,C,03,GBS0660AGCGCTCA,C03,,P384AC,MichiganStateUniversity,PstI-MspI,DNA141017P03_C03,blank,,andrew_wiersma,,EricOlson_P03,EricOlson_DNA_P03,EricOlson_P03,,GBS0660A
C5J31ACXX,3,AAGCAACT,BLANK_DNA141017P03_C03,DNA141017P03,C,03,GBS0660AAAGCAACT,C03,,P384AC,MichiganStateUniversity,PstI-MspI,DNA141017P03_C03,blank,,andrew_wiersma,,EricOlson_P03,EricOlson_DNA_P03,EricOlson_P03,,GBS0660A
C5J31ACXX,3,GACGGCA,BLANK_DNA141017P04_D04,DNA141017P04,D,04,GBS0660BGACGGCA,D04,,P384BD,MichiganStateUniversity,PstI-MspI,DNA141017P04_D04,blank,,andrew_wiersma,,EricOlson_P04,EricOlson_DNA_P04,EricOlson_P04,,GBS0660B
C5J31ACXX,3,CGTTGGT,BLANK_DNA141017P04_D04,DNA141017P04,D,04,GBS0660BCGTTGGT,D04,,P384BD,MichiganStateUniversity,PstI-MspI,DNA141017P04_D04,blank,,andrew_wiersma,,EricOlson_P04,EricOlson_DNA_P04,EricOlson_P04,,GBS0660B
C5J31ACXX,4,AACTGG,BLANK_DNA141017P05_E05,DNA141017P05,E,05,GBS0661AAACTGG,E05,,P384AC,MichiganStateUniversity,PstI-MspI,DNA141017P05_E05,blank,,andrew_wiersma,,EricOlson_P05,EricOlson_DNA_P05,EricOlson_P05,,GBS0661A
C5J31ACXX,4,TATTGCAG,BLANK_DNA141017P05_E05,DNA141017P05,E,05,GBS0661ATATTGCAG,E05,,P384AC,MichiganStateUniversity,PstI-MspI,DNA141017P05_E05,blank,,andrew_wiersma,,EricOlson_P05,EricOlson_DNA_P05,EricOlson_P05,,GBS0661A
C5J31ACXX,4,ACCAGGA,BLANK_DNA141017P05_A06,DNA141017P05,A,06,GBS0661AACCAGGA,A06,,P384AC,MichiganStateUniversity,PstI-MspI,DNA141017P05_A06,blank,,andrew_wiersma,,EricOlson_P05,EricOlson_DNA_P05,EricOlson_P05,,GBS0661A
C5J31ACXX,4,CGCCTCAT,BLANK_DNA141017P05_A06,DNA141017P05,A,06,GBS0661ACGCCTCAT,A06,,P384AC,MichiganStateUniversity,PstI-MspI,DNA141017P05_A06,blank,,andrew_wiersma,,EricOlson_P05,EricOlson_DNA_P05,EricOlson_P05,,GBS0661A
C5J31ACXX,4,ATCTTA,BLANK_DNA141017P06_G04,DNA141017P06,G,04,GBS0661BATCTTA,G04,,P384BD,MichiganStateUniversity,PstI-MspI,DNA141017P06_G04,blank,,andrew_wiersma,,EricOlson_P06,EricOlson_DNA_P06,EricOlson_P06,,GBS0661B
C5J31ACXX,4,CCGTTCA,BLANK_DNA141017P06_G04,DNA141017P06,G,04,GBS0661BCCGTTCA,G04,,P384BD,MichiganStateUniversity,PstI-MspI,DNA141017P06_G04,blank,,andrew_wiersma,,EricOlson_P06,EricOlson_DNA_P06,EricOlson_P06,,GBS0661B
C5J31ACXX,4,ATAGG,BLANK_DNA141017P06_F06,DNA141017P06,F,06,GBS0661BATAGG,F06,,P384BD,MichiganStateUniversity,PstI-MspI,DNA141017P06_F06,blank,,andrew_wiersma,,EricOlson_P06,EricOlson_DNA_P06,EricOlson_P06,,GBS0661B
C5J31ACXX,4,TTAGAG,BLANK_DNA141017P06_F06,DNA141017P06,F,06,GBS0661BTTAGAG,F06,,P384BD,MichiganStateUniversity,PstI-MspI,DNA141017P06_F06,blank,,andrew_wiersma,,EricOlson_P06,EricOlson_DNA_P06,EricOlson_P06,,GBS0661B
C5J31ACXX,5,AATGAACGA,BLANK_DNA141017P07_G07,DNA141017P07,G,07,GBS0662AAATGAACGA,G07,,P384AC,MichiganStateUniversity,PstI-MspI,DNA141017P07_G07,blank,,andrew_wiersma,,EricOlson_P07,EricOlson_DNA_P07,EricOlson_P07,,GBS0662A
C5J31ACXX,5,CCGAT,BLANK_DNA141017P07_G07,DNA141017P07,G,07,GBS0662ACCGAT,G07,,P384AC,MichiganStateUniversity,PstI-MspI,DNA141017P07_G07,blank,,andrew_wiersma,,EricOlson_P07,EricOlson_DNA_P07,EricOlson_P07,,GBS0662A
C5J31ACXX,5,GGTAAGCA,BLANK_DNA141017P08_H08,DNA141017P08,H,08,GBS0662BGGTAAGCA,H08,,P384BD,MichiganStateUniversity,PstI-MspI,DNA141017P08_H08,blank,,andrew_wiersma,,EricOlson_P08,EricOlson_DNA_P08,EricOlson_P08,,GBS0662B
C5J31ACXX,5,CAGGCACAGA,BLANK_DNA141017P08_H08,DNA141017P08,H,08,GBS0662BCAGGCACAGA,H08,,P384BD,MichiganStateUniversity,PstI-MspI,DNA141017P08_H08,blank,,andrew_wiersma,,EricOlson_P08,EricOlson_DNA_P08,EricOlson_P08,,GBS0662B
C5J31ACXX,6,GAACTT,BLANK_DNA141017P09_A02,DNA141017P09,A,02,GBS0663AGAACTT,A02,,P384AC,MichiganStateUniversity,PstI-MspI,DNA141017P09_A02,blank,,andrew_wiersma,,EricOlson_P09,EricOlson_DNA_P09,EricOlson_P09,,GBS0663A
C5J31ACXX,6,GGCTTA,BLANK_DNA141017P09_A02,DNA141017P09,A,02,GBS0663AGGCTTA,A02,,P384AC,MichiganStateUniversity,PstI-MspI,DNA141017P09_A02,blank,,andrew_wiersma,,EricOlson_P09,EricOlson_DNA_P09,EricOlson_P09,,GBS0663A
C5J31ACXX,6,TAGTCCAT,BLANK_DNA141017P10_B03,DNA141017P10,B,03,GBS0663BTAGTCCAT,B03,,P384BD,MichiganStateUniversity,PstI-MspI,DNA141017P10_B03,blank,,andrew_wiersma,,EricOlson_P10,EricOlson_DNA_P010,EricOlson_P10,,GBS0663B
C5J31ACXX,6,GGCCA,BLANK_DNA141017P10_B03,DNA141017P10,B,03,GBS0663BGGCCA,B03,,P384BD,MichiganStateUniversity,PstI-MspI,DNA141017P10_B03,blank,,andrew_wiersma,,EricOlson_P10,EricOlson_DNA_P010,EricOlson_P10,,GBS0663B
C5J31ACXX,7,CAGCGCAAGA,BLANK_DNA141017P11_C04,DNA141017P11,C,04,GBS0664ACAGCGCAAGA,C04,,P384AC,MichiganStateUniversity,PstI-MspI,DNA141017P11_C04,blank,,andrew_wiersma,,EricOlson_P11,EricOlson_DNA_P011,EricOlson_P11,,GBS0664A
C5J31ACXX,7,AATTAG,BLANK_DNA141017P11_C04,DNA141017P11,C,04,GBS0664AAATTAG,C04,,P384AC,MichiganStateUniversity,PstI-MspI,DNA141017P11_C04,blank,,andrew_wiersma,,EricOlson_P11,EricOlson_DNA_P011,EricOlson_P11,,GBS0664A
C5J31ACXX,7,CAGCT,BLANK_DNA141017P12_F04,DNA141017P12,F,04,GBS0664BCAGCT,F04,,P384BD,MichiganStateUniversity,PstI-MspI,DNA141017P12_F04,blank,,andrew_wiersma,,EricOlson_P12,EricOlson_DNA_P012,EricOlson_P12,,GBS0664B
C5J31ACXX,7,TCTGA,BLANK_DNA141017P12_F04,DNA141017P12,F,04,GBS0664BTCTGA,F04,,P384BD,MichiganStateUniversity,PstI-MspI,DNA141017P12_F04,blank,,andrew_wiersma,,EricOlson_P12,EricOlson_DNA_P012,EricOlson_P12,,GBS0664B
C5J31ACXX,7,GTGCTACATT,BLANK_DNA141017P12_A05,DNA141017P12,A,05,GBS0664BGTGCTACATT,A05,,P384BD,MichiganStateUniversity,PstI-MspI,DNA141017P12_A05,blank,,andrew_wiersma,,EricOlson_P12,EricOlson_DNA_P012,EricOlson_P12,,GBS0664B
C5J31ACXX,7,AACTT,BLANK_DNA141017P12_A05,DNA141017P12,A,05,GBS0664BAACTT,A05,,P384BD,MichiganStateUniversity,PstI-MspI,DNA141017P12_A05,blank,,andrew_wiersma,,EricOlson_P12,EricOlson_DNA_P012,EricOlson_P12,,GBS0664B
C5J31ACXX,7,TGTGACAAGA,BLANK_DNA141017P12_D05,DNA141017P12,D,05,GBS0664BTGTGACAAGA,D05,,P384BD,MichiganStateUniversity,PstI-MspI,DNA141017P12_D05,blank,,andrew_wiersma,,EricOlson_P12,EricOlson_DNA_P012,EricOlson_P12,,GBS0664B
C5J31ACXX,7,TCGCG,BLANK_DNA141017P12_D05,DNA141017P12,D,05,GBS0664BTCGCG,D05,,P384BD,MichiganStateUniversity,PstI-MspI,DNA141017P12_D05,blank,,andrew_wiersma,,EricOlson_P12,EricOlson_DNA_P012,EricOlson_P12,,GBS0664B
C5J31ACXX,7,TATTAGAA,BLANK_DNA141017P12_F11,DNA141017P12,F,11,GBS0664BTATTAGAA,F11,,P384BD,MichiganStateUniversity,PstI-MspI,DNA141017P12_F11,blank,,andrew_wiersma,,EricOlson_P12,EricOlson_DNA_P012,EricOlson_P12,,GBS0664B
C5J31ACXX,7,AATAAGAGT,BLANK_DNA141017P12_F11,DNA141017P12,F,11,GBS0664BAATAAGAGT,F11,,P384BD,MichiganStateUniversity,PstI-MspI,DNA141017P12_F11,blank,,andrew_wiersma,,EricOlson_P12,EricOlson_DNA_P012,EricOlson_P12,,GBS0664B
C5J31ACXX,7,GTTAA,BLANK_DNA141017P12_G11,DNA141017P12,G,11,GBS0664BGTTAA,G11,,P384BD,MichiganStateUniversity,PstI-MspI,DNA141017P12_G11,blank,,andrew_wiersma,,EricOlson_P12,EricOlson_DNA_P012,EricOlson_P12,,GBS0664B
C5J31ACXX,7,GAGCAA,BLANK_DNA141017P12_G11,DNA141017P12,G,11,GBS0664BGAGCAA,G11,,P384BD,MichiganStateUniversity,PstI-MspI,DNA141017P12_G11,blank,,andrew_wiersma,,EricOlson_P12,EricOlson_DNA_P012,EricOlson_P12,,GBS0664B
C5J31ACXX,7,CGGTG,BLANK_DNA141017P12_H11,DNA141017P12,H,11,GBS0664BCGGTG,H11,,P384BD,MichiganStateUniversity,PstI-MspI,DNA141017P12_H11,blank,,andrew_wiersma,,EricOlson_P12,EricOlson_DNA_P012,EricOlson_P12,,GBS0664B
C5J31ACXX,7,CTTCCGCAA,BLANK_DNA141017P12_H11,DNA141017P12,H,11,GBS0664BCTTCCGCAA,H11,,P384BD,MichiganStateUniversity,PstI-MspI,DNA141017P12_H11,blank,,andrew_wiersma,,EricOlson_P12,EricOlson_DNA_P012,EricOlson_P12,,GBS0664B
C5J31ACXX,7,CACACGA,BLANK_DNA141017P12_B12,DNA141017P12,B,12,GBS0664BCACACGA,B12,,P384BD,MichiganStateUniversity,PstI-MspI,DNA141017P12_B12,blank,,andrew_wiersma,,EricOlson_P12,EricOlson_DNA_P012,EricOlson_P12,,GBS0664B
C5J31ACXX,7,TTCAGCCAGT,BLANK_DNA141017P12_B12,DNA141017P12,B,12,GBS0664BTTCAGCCAGT,B12,,P384BD,MichiganStateUniversity,PstI-MspI,DNA141017P12_B12,blank,,andrew_wiersma,,EricOlson_P12,EricOlson_DNA_P012,EricOlson_P12,,GBS0664B
C5J31ACXX,7,GGATGCCT,BLANK_DNA141017P12_C12,DNA141017P12,C,12,GBS0664BGGATGCCT,C12,,P384BD,MichiganStateUniversity,PstI-MspI,DNA141017P12_C12,blank,,andrew_wiersma,,EricOlson_P12,EricOlson_DNA_P012,EricOlson_P12,,GBS0664B
C5J31ACXX,7,TGAAGCAACT,BLANK_DNA141017P12_C12,DNA141017P12,C,12,GBS0664BTGAAGCAACT,C12,,P384BD,MichiganStateUniversity,PstI-MspI,DNA141017P12_C12,blank,,andrew_wiersma,,EricOlson_P12,EricOlson_DNA_P012,EricOlson_P12,,GBS0664B
C5J31ACXX,7,ACAACGCAT,BLANK_DNA141017P12_D12,DNA141017P12,D,12,GBS0664BACAACGCAT,D12,,P384BD,MichiganStateUniversity,PstI-MspI,DNA141017P12_D12,blank,,andrew_wiersma,,EricOlson_P12,EricOlson_DNA_P012,EricOlson_P12,,GBS0664B
C5J31ACXX,7,GTTCT,BLANK_DNA141017P12_D12,DNA141017P12,D,12,GBS0664BGTTCT,D12,,P384BD,MichiganStateUniversity,PstI-MspI,DNA141017P12_D12,blank,,andrew_wiersma,,EricOlson_P12,EricOlson_DNA_P012,EricOlson_P12,,GBS0664B
C5J31ACXX,7,TCTAACAAGT,BLANK_DNA141017P12_E12,DNA141017P12,E,12,GBS0664BTCTAACAAGT,E12,,P384BD,MichiganStateUniversity,PstI-MspI,DNA141017P12_E12,blank,,andrew_wiersma,,EricOlson_P12,EricOlson_DNA_P012,EricOlson_P12,,GBS0664B
C5J31ACXX,7,GGCGGACGA,BLANK_DNA141017P12_E12,DNA141017P12,E,12,GBS0664BGGCGGACGA,E12,,P384BD,MichiganStateUniversity,PstI-MspI,DNA141017P12_E12,blank,,andrew_wiersma,,EricOlson_P12,EricOlson_DNA_P012,EricOlson_P12,,GBS0664B
C5J31ACXX,7,GAGTG,BLANK_DNA141017P12_F12,DNA141017P12,F,12,GBS0664BGAGTG,F12,,P384BD,MichiganStateUniversity,PstI-MspI,DNA141017P12_F12,blank,,andrew_wiersma,,EricOlson_P12,EricOlson_DNA_P012,EricOlson_P12,,GBS0664B
C5J31ACXX,7,ATCGTACGT,BLANK_DNA141017P12_F12,DNA141017P12,F,12,GBS0664BATCGTACGT,F12,,P384BD,MichiganStateUniversity,PstI-MspI,DNA141017P12_F12,blank,,andrew_wiersma,,EricOlson_P12,EricOlson_DNA_P012,EricOlson_P12,,GBS0664B
C5J31ACXX,7,AATGTA,BLANK_DNA141017P12_G12,DNA141017P12,G,12,GBS0664BAATGTA,G12,,P384BD,MichiganStateUniversity,PstI-MspI,DNA141017P12_G12,blank,,andrew_wiersma,,EricOlson_P12,EricOlson_DNA_P012,EricOlson_P12,,GBS0664B
C5J31ACXX,7,GGCGACA,BLANK_DNA141017P12_G12,DNA141017P12,G,12,GBS0664BGGCGACA,G12,,P384BD,MichiganStateUniversity,PstI-MspI,DNA141017P12_G12,blank,,andrew_wiersma,,EricOlson_P12,EricOlson_DNA_P012,EricOlson_P12,,GBS0664B
C5J31ACXX,7,CACGAG,BLANK_DNA141017P12_H12,DNA141017P12,H,12,GBS0664BCACGAG,H12,,P384BD,MichiganStateUniversity,PstI-MspI,DNA141017P12_H12,blank,,andrew_wiersma,,EricOlson_P12,EricOlson_DNA_P012,EricOlson_P12,,GBS0664B
C5J31ACXX,7,GTACGGACG,BLANK_DNA141017P12_H12,DNA141017P12,H,12,GBS0664BGTACGGACG,H12,,P384BD,MichiganStateUniversity,PstI-MspI,DNA141017P12_H12,blank,,andrew_wiersma,,EricOlson_P12,EricOlson_DNA_P012,EricOlson_P12,,GBS0664B
C5J31ACXX,8,TAGCCAA,BLANK_DNA141017P13_E06,DNA141017P13,E,06,GBS0665ATAGCCAA,E06,,P384AC,MichiganStateUniversity,PstI-MspI,DNA141017P13_E06,blank,,andrew_wiersma,,EricOlson_P13,EricOlson_DNA_P013,EricOlson_P13,,GBS0665A
C5J31ACXX,8,CCGACG,BLANK_DNA141017P13_E06,DNA141017P13,E,06,GBS0665ACCGACG,E06,,P384AC,MichiganStateUniversity,PstI-MspI,DNA141017P13_E06,blank,,andrew_wiersma,,EricOlson_P13,EricOlson_DNA_P013,EricOlson_P13,,GBS0665A
C5J31ACXX,8,AATGAACGA,BLANK_DNA141017P13_G07,DNA141017P13,G,07,GBS0665AAATGAACGA,G07,,P384AC,MichiganStateUniversity,PstI-MspI,DNA141017P13_G07,blank,,andrew_wiersma,,EricOlson_P13,EricOlson_DNA_P013,EricOlson_P13,,GBS0665A
C5J31ACXX,8,CCGAT,BLANK_DNA141017P13_G07,DNA141017P13,G,07,GBS0665ACCGAT,G07,,P384AC,MichiganStateUniversity,PstI-MspI,DNA141017P13_G07,blank,,andrew_wiersma,,EricOlson_P13,EricOlson_DNA_P013,EricOlson_P13,,GBS0665A
C5J31ACXX,8,GTAACG,BLANK_DNA141017P14_A10,DNA141017P14,A,10,GBS0665BGTAACG,A10,,P384BD,MichiganStateUniversity,PstI-MspI,DNA141017P14_A10,blank,,andrew_wiersma,,EricOlson_P14,EricOlson_DNA_P014,EricOlson_P14,,GBS0665B
C5J31ACXX,8,CCACAG,BLANK_DNA141017P14_A10,DNA141017P14,A,10,GBS0665BCCACAG,A10,,P384BD,MichiganStateUniversity,PstI-MspI,DNA141017P14_A10,blank,,andrew_wiersma,,EricOlson_P14,EricOlson_DNA_P014,EricOlson_P14,,GBS0665B
